{
  "main": {
    "id": "1c0d23b3ad80f9dd",
    "type": "split",
    "children": [
      {
        "id": "11139a42e0d80e0f",
        "type": "tabs",
        "children": [
          {
            "id": "a582901c54a4c65d",
            "type": "leaf",
            "state": {
              "type": "markdown",
              "state": {
                "file": "Roadmap/Week 02.md",
                "mode": "source",
                "source": false
              },
              "icon": "lucide-file",
              "title": "Week 02"
            }
          }
        ]
      }
    ],
    "direction": "vertical"
  },
  "left": {
    "id": "914fcce738317f47",
    "type": "split",
    "children": [
      {
        "id": "3ab922095b9c09e1",
        "type": "tabs",
        "children": [
          {
            "id": "e6e7bad41dea3d7f",
            "type": "leaf",
            "state": {
              "type": "file-explorer",
              "state": {
                "sortOrder": "alphabetical",
                "autoReveal": false
              },
              "icon": "lucide-folder-closed",
              "title": "Files"
            }
          },
          {
            "id": "622b9921fe94360a",
            "type": "leaf",
            "state": {
              "type": "search",
              "state": {
                "query": "",
                "matchingCase": false,
                "explainSearch": false,
                "collapseAll": false,
                "extraContext": false,
                "sortOrder": "alphabetical"
              },
              "icon": "lucide-search",
              "title": "Search"
            }
          },
          {
            "id": "8d3962000aebd179",
            "type": "leaf",
            "state": {
              "type": "bookmarks",
              "state": {},
              "icon": "lucide-bookmark",
              "title": "Bookmarks"
            }
          }
        ]
      }
    ],
    "direction": "horizontal",
    "width": 300
  },
  "right": {
    "id": "8b1e0642926eae99",
    "type": "split",
    "children": [
      {
        "id": "80f5eef0b74efebe",
        "type": "tabs",
        "children": [
          {
            "id": "c2754e19f7c86c70",
            "type": "leaf",
            "state": {
              "type": "backlink",
              "state": {
                "file": "Roadmap Mingguan/Week 01.md",
                "collapseAll": false,
                "extraContext": false,
                "sortOrder": "alphabetical",
                "showSearch": false,
                "searchQuery": "",
                "backlinkCollapsed": false,
                "unlinkedCollapsed": true
              },
              "icon": "links-coming-in",
              "title": "Backlinks for Week 01"
            }
          },
          {
            "id": "7565f912a1d41c05",
            "type": "leaf",
            "state": {
              "type": "outgoing-link",
              "state": {
                "file": "Roadmap Mingguan/Week 01.md",
                "linksCollapsed": false,
                "unlinkedCollapsed": true
              },
              "icon": "links-going-out",
              "title": "Outgoing links from Week 01"
            }
          },
          {
            "id": "e7e1c8600de97343",
            "type": "leaf",
            "state": {
              "type": "tag",
              "state": {
                "sortOrder": "frequency",
                "useHierarchy": true,
                "showSearch": false,
                "searchQuery": ""
              },
              "icon": "lucide-tags",
              "title": "Tags"
            }
          },
          {
            "id": "405c7a2070ea0be6",
            "type": "leaf",
            "state": {
              "type": "outline",
              "state": {
                "file": "Roadmap Mingguan/Week 01.md",
                "followCursor": false,
                "showSearch": false,
                "searchQuery": ""
              },
              "icon": "lucide-list",
              "title": "Outline of Week 01"
            }
          }
        ],
        "currentTab": 3
      }
    ],
    "direction": "horizontal",
    "width": 300,
    "collapsed": true
  },
  "left-ribbon": {
    "hiddenItems": {
      "obsidian-git:Open Git source control": false,
      "switcher:Open quick switcher": false,
      "graph:Open graph view": false,
      "canvas:Create new canvas": false,
      "daily-notes:Open today's daily note": false,
      "templates:Insert template": false,
      "command-palette:Open command palette": false
    }
  },
  "active": "a582901c54a4c65d",
  "lastOpenFiles": [
    "01-Belajar AI Dasar.zip",
    "Roadmap/Week 01.md",
    "Roadmap/Week 02.md",
    "sync_md_overwrite_notion.py",
    "Roadmap/Week 05.md",
    "Roadmap/Week 08.md",
    "Roadmap/Week 10.md",
    "Roadmap/Week 11.md",
    "Roadmap/Week 13.md",
    "Roadmap/Week 12.md",
    "Roadmap/Week 14.md",
    "Roadmap/Week 03.md",
    "00-Index/Final_Roadmap_AI.md",
    "Roadmap/Week 09.md",
    "Roadmap/Week 07.md",
    "Roadmap/Week 06.md",
    "Roadmap/Week 04.md",
    "Roadmap Mingguan/week-01.md",
    "Roadmap Mingguan/week-12.md",
    "Roadmap Mingguan/week-11.md",
    "Roadmap Mingguan/week-10.md",
    "Roadmap Mingguan/week-09.md",
    "Roadmap Mingguan/week-08.md",
    "Roadmap Mingguan/week-07.md",
    "Roadmap Mingguan/week-06.md",
    "Roadmap Mingguan/week-05.md",
    "Roadmap Mingguan/week-04.md",
    "update_weeks_with_md_content.py",
    "desktop.ini",
    "update_or_create_weeks_with_status (1).py",
    "update_or_create_weeks_with_status.py",
    "update_or_create_weeks.py",
    "create-notion-page.yml",
    "New folder"
  ]
}